{"train/epoch":0.8,"train/global_step":200,"_step":20,"_timestamp":1.7715618838284414e+09,"train/loss":0.5505510807037354,"train_samples_per_second":9.309,"train/learning_rate":1.5230484360873044e-08,"_wandb":{"runtime":183},"_runtime":183,"train_steps_per_second":1.164,"train_loss":0.6713480758666992,"train/grad_norm":0.14899255335330963,"train_runtime":171.8839,"total_flos":7.4727676417152e+14}